1000,Steps,Activity,Daily,sum of steps (including the manually added values),count,LONG,checked,checked,checked,checked,checked,checked,,checked,,checked,checked,checked,checked,checked,checked,,,checked,checked
1000,Steps,Activity,Epoch,sum of steps (in this timeframe),count,DOUBLE,checked,checked,checked,checked,checked,checked,,checked,,checked,,,,checked,checked,,,checked,checked
1001,CoveredDistance,"Activity, Workouts",Daily,covered distance (including the manually added values) in meters,meters,DOUBLE,checked,checked,checked,checked,,checked,checked,checked,,,,checked,checked,checked,checked,,,checked,checked
1001,CoveredDistance,"Activity, Workouts",Epoch,covered distance in meters (in this timeframe),meters,DOUBLE,checked,checked,checked,checked,checked,checked,checked,checked,,checked,checked,,,checked,checked,,checked,,checked
1002,FloorsClimbed,Activity,Daily,number of staircase floors climbed (including the manually added values),count,LONG,checked,checked,,checked,,checked,checked,,,,,,,,,,checked,,checked
1002,FloorsClimbed,Activity,Epoch,number of staircase floors climbed (in this timeframe),count,LONG,checked,checked,checked,checked,,checked,checked,,,checked,,,,,,,,,checked
1003,ElevationGain,Activity,Daily,elevation gain (including the manually added values) in meters,meters,DOUBLE,checked,checked,,checked,,checked,checked,,,,,,,,,,,,checked
1003,ElevationGain,Activity,Epoch,elevation gain in meters (in this timeframe),meters,DOUBLE,checked,checked,checked,,,checked,checked,,,checked,,,,,,,checked,,checked
1010,BurnedCalories,Activity,Daily,estimation of kilo calories burned per day (including the manually added values),kcal,LONG,checked,checked,checked,checked,,checked,,checked,,,checked,checked,checked,checked,checked,,checked,,checked
1010,BurnedCalories,Activity,Epoch,"estimation of burned kilo calories (in this timeframe), comprising basic and activity induced calories consumption",kcal,DOUBLE,,,,checked,,checked,checked,checked,,checked,,,,,checked,,,,checked
1011,ActiveBurnedCalories,"Activity, Workouts",Daily,estimation of additional kilo calories (including the manually added values) burned during activities,kcal,LONG,checked,checked,checked,checked,checked,,,,,checked,checked,,checked,checked,,,,checked,checked
1011,ActiveBurnedCalories,"Activity, Workouts",Epoch,"the part of burned kilo calories, that is induced by activity (in this timeframe) - in contrast to basic calory consumption",kcal,DOUBLE,checked,checked,checked,checked,checked,checked,,,,,checked,,,checked,checked,,checked,checked,checked
1016,RestingMetabolicRate,Body Composition & Measurements,Epoch,energy the body needs to function while at rest in calories,calories,LONG,,,,,,,,,,,,,checked,checked,,,,,checked
1090,StepsManual,Activity,Daily,Calculated daily sum of steps manually added via data source application,count,LONG,checked,checked,checked,checked,checked,checked,checked,checked,,checked,checked,checked,checked,checked,checked,,,checked,checked
1100,ActivityDuration,Activity,Daily,"overall sum of active minutes (all recorded activitites other than sleep, rest, charge, doffed). This also includes the manually added values",minutes,LONG,checked,checked,checked,,,checked,,,,,,,,,,,,,
1101,ActivityLowBinary,Activity,Epoch,low Activity detected (in this timeframe),,BOOLEAN,checked,,checked,,,,,,,,checked,,,,,,,,
1101,ActivityLowDuration,Activity,Daily,sum of minutes (including the manually added values) spent with light activity,minutes,LONG,checked,checked,checked,checked,checked,checked,,checked,,,checked,,,,checked,,,,
1102,ActivityMidBinary,Activity,Epoch,medium Activity detected (in this timeframe),,BOOLEAN,checked,,checked,,,,,,,,checked,,,,,,,,
1102,ActivityMidDuration,Activity,Daily,sum of minutes (including the manually added values) spent with medium activity,minutes,LONG,checked,checked,checked,checked,checked,checked,,checked,,,checked,,,checked,checked,,,,
1103,ActivityHighBinary,Activity,Epoch,high Activity detected (in this timeframe),,BOOLEAN,checked,,checked,,,,,,,,checked,,,,,,,,
1103,ActivityHighDuration,Activity,Daily,sum of minutes (including the manually added values) spent with high activity,minutes,LONG,checked,checked,checked,checked,checked,checked,,checked,,,checked,,,checked,checked,,,,
1104,ActivitySedentaryBinary,Activity,Epoch,activity with very low HR zone (sedentary) detected (in this timeframe),,BOOLEAN,checked,checked,checked,,,,,,,,checked,,,,,,,,
1104,ActivitySedentaryDuration,Activity,Daily,sum of minutes (including the manually added values) spent sedentary,minutes,LONG,checked,,checked,,,,,,,,,,,,,,,,
1111,DoffedDuration,Activity,Daily,sum of minutes spent doffed,,LONG,,,checked,,,,,,,,,,,,,,,,
1111,DoffedBinary,Activity,Epoch,device not worn (in this timeframe),,BOOLEAN,,,checked,,,,,,,,,,,,,,,,
1112,SleepBinary,Sleep,Epoch,sleep detected (in this timeframe),,BOOLEAN,checked,checked,,checked,,checked,,,,,,,,,,,,,checked
1113,RestBinary,Activity,Epoch,rest detected (in this timeframe),,BOOLEAN,checked,checked,checked,,,,,checked,,,checked,,,,checked,,,,
1113,RestDuration,Activity,Daily,sum of minutes spent resting,minutes,LONG,checked,checked,checked,,,checked,,,,,checked,,,,,,,,
1114,ActiveBinary,Activity,Epoch,generic activity detected (in this timeframe),,BOOLEAN,checked,checked,checked,checked,,checked,checked,checked,,checked,,,,,checked,,checked,,
1114,ActiveDuration,Activity,Daily,sum of minutes (including the manually added minutes) spent in a generically active state,minutes,LONG,checked,checked,checked,checked,,checked,checked,checked,,checked,,,checked,checked,checked,,,checked,
1115,WalkBinary,Activity,Epoch,walk detected (in this timeframe),,BOOLEAN,checked,checked,checked,checked,checked,checked,checked,checked,,checked,,,,checked,checked,,checked,,
1115,WalkDuration,Activity,Daily,sum of minutes (including the manually added minutes) spent walking,minutes,LONG,checked,checked,checked,checked,checked,checked,checked,checked,,checked,,,checked,checked,checked,,,,
1116,RunBinary,"Activity, Workouts",Epoch,run detected (in this timeframe),,BOOLEAN,checked,checked,checked,checked,,checked,checked,checked,,checked,,,,checked,checked,,checked,,
1116,RunDuration,"Activity, Workouts",Daily,sum of minutes (including the manually added minutes) spent running,minutes,LONG,checked,checked,checked,checked,,checked,checked,checked,,checked,,,,checked,checked,,,,
1117,BikeBinary,"Activity, Workouts",Epoch,biking detected (in this timeframe),,BOOLEAN,checked,checked,checked,checked,,checked,checked,checked,,checked,,,,,checked,,checked,,
1117,BikeDuration,"Activity, Workouts",Daily,sum of minutes (including the manually added minutes) spent biking,minutes,LONG,checked,checked,checked,checked,,checked,checked,checked,,checked,,,,,checked,,,,
1119,SittingBinary,Activity,Epoch,sitting detected (in this timeframe),,BOOLEAN,,,,,,,,,,,,,,,,,,,
1120,LeisureBinary,Activity,Epoch,leisure activity detected (in this timeframe),,BOOLEAN,,,,,,,,,,,,,,,,,,,
1200,ActivityType,"Activity, Workouts",Epoch,ID of the broad activity category,,LONG,checked,checked,checked,checked,,checked,checked,checked,,checked,checked,,,checked,checked,,checked,,checked
1201,ActivityTypeDetail1,"Activity, Workouts",Epoch,ID of the specific activity category,,LONG,checked,checked,checked,checked,,checked,checked,checked,,checked,,,,checked,checked,,checked,,checked
1202,ActivityTypeDetail2,"Activity, Workouts",Epoch,ID of the very specific activity category,,LONG,checked,checked,checked,checked,checked,checked,checked,checked,,checked,,,,checked,checked,,checked,,checked
1250,ActivityLap,Workouts,Epoch,Detected activity lap,,BOOLEAN,,checked,,,,,checked,,,,,,,,,,,,
1260,Cadence,Workouts,Epoch,The activity's average cadence,,DOUBLE,,checked,checked,,,,checked,,,checked,,,,,,,,,checked
1261,Speed,Workouts,Epoch,"The activity's average speed, in meters per second",meters per second,DOUBLE,,checked,checked,checked,,,checked,,,checked,,,,,,,,,checked
1262,MaxSpeed,Workouts,Epoch,"The activity's max speed, in meters per second",meters per second,DOUBLE,,,,,,,,,,checked,,,,,,,,,
1263,Pace,Workouts,Epoch,"The activity's average pace, in minutes per kilometer",minutes per kilometer,DOUBLE,,checked,,,,,,,,checked,,,,,,,,,
1264,MaxPace,Workouts,Epoch,"The activity's max pace, in minutes per kilometer",minutes per kilometer,DOUBLE,,,,,,,,,,,,,,,,,,,
1265,PowerInWatts,Workouts,Epoch,Watts produced during training,watts,DOUBLE,,checked,checked,checked,,,checked,,,,,,,,,,,,checked
1266,StrideLength,"Workouts, Movement Analysis",Epoch,Average length of the user’s step in cm,centimeters,LONG,,,,checked,,,,,,,,,,,,,,,
1267,GroundContactTime,"Workouts, Movement Analysis",Epoch,Amount of time the runner’s foot is in contact with the ground while running in ms,milliseconds,LONG,,,,checked,,,,,,,,,,,,,,,
1268,VerticalOscillation,"Workouts, Movement Analysis",Epoch,Vertical range of motion of the pelvis during a single running stride in cm,centimeters,DOUBLE,,,,checked,,,,,,,,,,,,,,,
1270,DetailedCadence,Workouts,Epoch,The detailed activity's average cadence,,DOUBLE,,checked,,,,,checked,,,,,,,,,,,,
1271,DetailedSpeed,Workouts,Epoch,"The detailed activity's average speed, in meters per second",meters per second,DOUBLE,,checked,,,,,checked,,,,,,,,,,,,
1272,DetailedMaxSpeed,Workouts,Epoch,"The detailed activity's max speed, in meters per second",meters per second,DOUBLE,,,,,,,checked,,,,,,,,,,,,
1273,DetailedPace,Workouts,Epoch,"The detailed activity's average pace, in minutes per kilometer",minutes per kilometer,DOUBLE,,,,,,,,,,,,,,,,,,,
1274,DetailedMaxPace,Workouts,Epoch,"The detailed activity's max pace, in minutes per kilometer",minutes per kilometer,DOUBLE,,,,,,,,,,,,,,,,,,,
1275,DetailedPowerInWatts,Workouts,Epoch,Detailed Watts produced during training,watts,DOUBLE,,,,,,,checked,,,,,,,,,,,,
1280,WalkingAssymetry,Movement Analysis,Epoch,Percentage of steps in which one foot moves at a different speed than the other,percent,DOUBLE,,,,checked,,,,,,,,,,,,,,,
1281,DoubleSupportTime,Movement Analysis,Epoch,Percentage of time during a walk when both feet are on the ground,percent,DOUBLE,,,,checked,,,,,,,,,,,,,,,
1282,SixMinuteWalkingTestDistance,Movement Analysis,Epoch,Distance a user can walk during a six-minute walk test in meters,meters,DOUBLE,,,,checked,,,,,,,,,,,,,,,
1283,SwimmingStrokeCount,Workouts,Epoch,The number of strokes performed while swimming,count,LONG,,,,checked,,,,,,,,,,,,,,,
1401,Latitude,Location & GPS,Daily,dominant latitude geo location in this day,,DOUBLE,,,,,,,,,,,,,,,checked,,,,
1401,Latitude,Location & GPS,Epoch,detected latitude geo location (in this timeframe),,DOUBLE,,,,,,,checked,,,checked,,,,,checked,,,,
1402,Longitude,Location & GPS,Epoch,detected longitude geo location (in this timeframe),,DOUBLE,,,,,,,checked,,,checked,,,,,checked,,,,
1402,Longitude,Location & GPS,Daily,dominant longitude geo location in this day,,DOUBLE,,,,,,,,,,,,,,,checked,,,,
1715,CoveredDistanceWalk,Activity,Epoch,covered distance from recorded walking activity in meters,meters,DOUBLE,checked,checked,checked,checked,checked,checked,checked,checked,,checked,,,,checked,checked,,checked,,
1715,CoveredDistanceWalk,Activity,Daily,sum of covered distance (including the manually added distance) from recorded walking activity in meters,meters,DOUBLE,checked,checked,checked,checked,checked,checked,checked,checked,,checked,,,,,,,,,
1716,CoveredDistanceRun,"Activity, Workouts",Epoch,covered distance from recorded running activity in meters,meters,DOUBLE,checked,checked,checked,checked,checked,checked,checked,checked,,checked,,,,checked,checked,,checked,,
1716,CoveredDistanceRun,"Activity, Workouts",Daily,sum of covered distance (including the manually added distance) from recorded running activity in meters,meters,DOUBLE,checked,checked,checked,checked,checked,checked,checked,checked,,checked,,,,,,,,,
1717,CoveredDistanceBike,"Activity, Workouts",Daily,sum of covered distance (including the manually added distance) from recorded biking/cycling activity in meters,meters,DOUBLE,checked,checked,checked,checked,checked,checked,checked,checked,,checked,,,,,,,,,
1717,CoveredDistanceBike,"Activity, Workouts",Epoch,covered distance from recorded biking/cycling activity in meters,meters,DOUBLE,checked,checked,checked,checked,checked,checked,checked,checked,,checked,,,,checked,checked,,checked,,
1725,CoveredDistanceWalkManual,Activity,Daily,sum of covered distance from manually added walking activity in meters,meters,DOUBLE,checked,checked,checked,checked,checked,checked,checked,checked,,checked,,,,,,,,,
1725,CoveredDistanceWalkManual,Activity,Epoch,covered distance from manually added walking activity in meters,meters,DOUBLE,checked,checked,checked,checked,checked,checked,checked,checked,,checked,,,,,,,,,
1726,CoveredDistanceRunManual,"Activity, Workouts",Epoch,covered distance from manually added running activity in meters,meters,DOUBLE,checked,checked,checked,checked,checked,checked,checked,checked,,checked,,,,,,,,,
1726,CoveredDistanceRunManual,"Activity, Workouts",Daily,sum of covered distance from manually added running activity in meters,meters,DOUBLE,checked,checked,checked,checked,checked,checked,checked,checked,,checked,,,,,,,,,
1727,CoveredDistanceBikeManual,"Activity, Workouts",Daily,sum of covered distance from manually added biking/cycling activity in meters,meters,DOUBLE,checked,checked,checked,checked,checked,checked,checked,checked,,checked,,,,,,,,,
1727,CoveredDistanceBikeManual,"Activity, Workouts",Epoch,covered distance from manually added biking/cycling activity in meters,meters,DOUBLE,checked,checked,checked,checked,checked,checked,checked,checked,,checked,,,,,,,,,
1814,ActiveDurationManual,Activity,Daily,sum of manually added active state minutes,minutes,DOUBLE,checked,checked,checked,checked,checked,checked,checked,checked,,checked,,,,,,,,,
1815,WalkDurationManual,Activity,Daily,sum of manually added walking minutes,minutes,DOUBLE,checked,checked,checked,checked,checked,,checked,checked,,checked,,,,,,,,,
1816,RunDurationManual,"Activity, Workouts",Daily,sum of manually added running minutes,minutes,DOUBLE,checked,checked,checked,checked,checked,,checked,checked,,checked,,,,,,,,,
1817,BikeDurationManual,"Activity, Workouts",Daily,sum of manually added biking minutes,minutes,DOUBLE,checked,checked,checked,checked,checked,,checked,checked,,checked,,,,,,,,,
1824,ActiveBikeDuration,"Activity, Workouts",Epoch,Active minutes during generic (non-walk/run/bike) activity (in this timeframe),,DOUBLE,,,,checked,checked,,,,,,,,,,checked,,,,
1825,ActiveWalkDuration,Activity,Epoch,Active minutes during walk activity (in this timeframe),,DOUBLE,,,,checked,checked,,,,,,,,,,checked,,,,
1826,ActiveRunDuration,"Activity, Workouts",Epoch,Active minutes during run activity (in this timeframe),minutes,DOUBLE,,,,checked,checked,,,,,,,,,,checked,,,,
1827,ActiveBikeDuration,"Activity, Workouts",Epoch,Active minutes during bike activity (in this timeframe),minutes,DOUBLE,,,,checked,checked,,,,,,,,,,checked,,,,
2000,SleepStateBinary,Sleep,Epoch,sleep detected (in this timeframe),,BOOLEAN,checked,checked,checked,checked,checked,checked,,checked,,,checked,,,checked,checked,,,,checked
2000,SleepDuration,Sleep,Daily,overall sleep duration without wake times in minutes - excluding naps,minutes,LONG,checked,checked,checked,checked,,checked,,checked,,,checked,checked,checked,checked,,,checked,checked,
2001,SleepInBedBinary,Sleep,Epoch,sleep with wake times detected (in this timeframe),,BOOLEAN,checked,checked,,checked,checked,checked,,,,,checked,,,checked,checked,,checked,,checked
2001,SleepInBedDuration,Sleep,Daily,overall sleep duration with wake times during the night in minutes,minutes,LONG,checked,checked,,checked,,checked,,,,,checked,checked,checked,checked,,,checked,,
2002,SleepREMBinary,Sleep,Epoch,REM sleep detected (in this timeframe),,BOOLEAN,checked,checked,checked,checked,checked,checked,checked,checked,,checked,checked,checked,checked,checked,checked,,checked,checked,checked
2002,SleepREMDuration,Sleep,Daily,overall time spent in REM sleep minutes during the night,minutes,LONG,checked,checked,checked,,,checked,,checked,,,checked,,,checked,,,checked,,
2003,SleepDeepBinary,Sleep,Epoch,deep sleep detected (in this timeframe),,BOOLEAN,checked,checked,checked,checked,checked,checked,,checked,,,checked,,,checked,checked,,,,checked
2003,SleepDeepDuration,Sleep,Daily,overall time spent in deep sleep in minutes,minutes,LONG,checked,checked,checked,,,checked,,checked,,,checked,checked,,checked,,,checked,checked,
2005,SleepLightBinary,Sleep,Epoch,light sleep detected (in this timeframe),,BOOLEAN,checked,checked,checked,checked,checked,checked,,checked,,,checked,,,checked,checked,,,,checked
2005,SleepLightDuration,Sleep,Daily,overall time spent in light sleep in minutes,minutes,LONG,checked,checked,checked,,,checked,,checked,,,checked,,checked,checked,,,checked,checked,
2006,SleepAwakeBinary,Sleep,Epoch,sleep interruption detected (in this timeframe),,BOOLEAN,checked,checked,checked,checked,checked,checked,checked,checked,,checked,checked,checked,checked,checked,checked,,checked,,checked
2006,SleepAwakeDuration,Sleep,Daily,overall time awake during sleep periods in minutes,minutes,LONG,checked,checked,checked,checked,,checked,,checked,,,checked,,checked,checked,,,checked,,
2007,SleepLatencyBinary,Sleep,Epoch,sleep onset phase detected (in this timeframe),,BOOLEAN,,,,,,,,,,,checked,,,,,,,,
2007,SleepLatency,Sleep,Daily,"duration from bedtime (light out), to the onset of sleep in minutes",minutes,LONG,checked,,,,,checked,,,,,checked,,,checked,,,,,
2008,SleepAwakeAfterWakeUpBinary,Sleep,Epoch,minutes spent in bed after waking up (in this timeframe),,BOOLEAN,,,,,,,,,,,checked,,,,,,,,
2008,SleepAwakeAfterWakeup,Sleep,Daily,sum of minutes spent in bed after waking up,minutes,LONG,checked,,,,,checked,,,,,checked,,,,,,,,
2100,SleepStartTime,Sleep,Daily,time of the first sleep onset,,DATE,checked,checked,checked,checked,,checked,,,,,checked,checked,,checked,,,,,
2101,SleepEndTime,Sleep,Daily,time of the last wake-up,,DATE,checked,checked,checked,checked,,checked,,,,,checked,checked,,checked,,,,,
2102,SleepInterruptions,Sleep,Daily,sleep interruptions detected during the night,,Binary,checked,,,,,checked,,,,,checked,checked,,checked,,,checked,,
2102,SleepInterruptions,Sleep,Daily,number of sleep interruptions during the night,count,LONG,checked,,,,,checked,,,,,checked,checked,,checked,,,checked,,
2200,SleepEfficiency,Sleep,Daily,percentage of time spent asleep while in bed (the amount of minutes spent asleep divided by the total minutes of time in bed),,LONG,checked,checked,checked,checked,,checked,,,,,checked,checked,,checked,,,checked,,
2201,SleepQuality,Sleep,Daily,"sleep quality index scaling from 0 to 100, where the values above 77 signify good sleep quality, while those below 77 signify poor sleep quality.",,LONG,checked,checked,,checked,,checked,,,,,,,,checked,,,,,
2210,SleepIntensity,Sleep,Epoch,sleep intensity (in this timeframe),,DOUBLE,checked,checked,,,,checked,,,,,,,,,,,,,
2210,SleepIntensity,Sleep,Daily,average sleep intensity,,DOUBLE,checked,checked,checked,,,checked,,,,,,checked,,checked,,,,,
2220,SleepRegularity,Sleep,Daily,"Established Indicator describing the likelihood that any two time-points 24 hours apart
were the same sleep/wake state, across all days.",,LONG,checked,checked,checked,checked,,checked,,,,,,,,,,,,,
3000,HeartRate,Heart Rate,Epoch,heart rate detected (in this timeframe),bpm,LONG,checked,checked,checked,checked,checked,checked,checked,checked,checked,checked,checked,checked,checked,checked,checked,,checked,,checked
3000,HeartRate,Heart Rate,Daily,average heart rate,bpm,LONG,,,,checked,,checked,,checked,,,,,,checked,checked,,checked,checked,checked
3001,HeartRateResting,Heart Rate,Daily,average resting heart rate,bpm,LONG,checked,checked,,checked,,,,,,,,,,,,,checked,,checked
3001,HeartRateResting,Heart Rate,Epoch,resting heart rate detected (in this timeframe),bpm,LONG,,,,,,,,,,,checked,,,,,,,,checked
3002,HeartRateSleep,"Heart Rate, Sleep",Daily,average nightly heart rate,bpm,LONG,,checked,checked,,,,,,,,checked,,,,,,,,
3008,PulseWaveVelocity,Cardiovascular Health,Epoch,PulseWave Velocity detected (in this timeframe),,DOUBLE,,,,,,checked,,,,,,,,,,,,,
3009,SPO2,Respiratory & Breathing,Epoch,SPO2 detected (in this timeframe),percent,DOUBLE,,checked,,checked,,checked,,,checked,,,,checked,checked,,,checked,,checked
3020,HeartRateSleepLowest,Heart Rate,Daily,The lowest heart rate of the main sleep cycle,bpm,LONG,,,,,,checked,,,,,checked,,,,,,,,
3028,HeartPoint,Heart Rate,Daily,average Google Fit heart point,count,LONG,,,,,,,,,,,,,,,checked,,,,
3028,HeartPoint,Heart Rate,Epoch,Google Fit heart point from activities that get the heart pumping harder (detected in this timeframe),count,LONG,,,,,,,,,,,,,,,checked,,,,
3029,InterbeatIntervals,Advanced Cardiac Analysis,Epoch,Comma-seperated array of RR-intervals,milliseconds,STRING,,,checked,checked,,,,,,,,,,,,,,,
3030,VO2max,"Cardiovascular Health, Workouts",Epoch,maximum cardiovadcular oxygen intake in mol per minute and kilogram of body weight,mol per minute and kilogram of body weight,DOUBLE,,,,checked,,,,,,,,,,,,,,,checked
3030,VO2max,"Cardiovascular Health, Workouts",Daily,maximum cardiovascular oxygen intake in mol per minute and kilogram of body weight,mol per minute and kilogram of body weight,DOUBLE,,checked,checked,,,,,,,,,,,,,,,,
3090,HeartRateZoneLightDuration,Heart Rate,Daily,Duration in minute that the heart rate is in the light zone,minutes,LONG,,,,,,checked,,,,,,,,,,,,,
3091,HeartRateZoneModerateDuration,Heart Rate,Daily,Duration in minute that the heart rate is in the moderate zone,minutes,LONG,,,,,,checked,,,,,,,,,,,,,
3092,HeartRateZoneIntenseDuration,Heart Rate,Daily,Duration in minute that the heart rate is in the intense zone,minutes,LONG,,,,,,checked,,,,,,,,,,,,,
3093,HeartRateZoneMaximalDuration,Heart Rate,Daily,Duration in minute that the heart rate is in the maximal zone,minutes,LONG,,,,,,checked,,,,,,,,,,,,,
3100,Rmssd,Stress & HRV,Epoch,RMSSD detected (in this timeframe),milliseconds,DOUBLE,checked,checked,checked,checked,checked,checked,checked,checked,checked,checked,checked,checked,checked,,checked,,checked,checked,checked
3100,Rmssd,Stress & HRV,Daily,Average daily RMSSD (indicator of heart rate variability),milliseconds,DOUBLE,,,,,,,,,,,checked,,,,,,,,
3106,RmssdSleep,"Stress & HRV, Sleep",Daily,Average daily RMSSD (indicator of heart rate variability) for main sleep period,milliseconds,DOUBLE,,checked,,,,,,,,,,,,,,,,,
3107,RmssdSleepHighest,"Stress & HRV, Sleep",Daily,Highest daily RMSSD (indicator of heart rate variability) for main sleep period,milliseconds,DOUBLE,,checked,,,,,,,,,,,,,,,,,
3112,SDNN,Stress & HRV,Epoch,Standard deviation of the IBI intervals measured in ms,milliseconds,DOUBLE,,,,checked,,checked,,,,,,,,,,,,,
3112,SDNN,Stress & HRV,Daily,Standard deviation of the IBI intervals measured in ms,milliseconds,DOUBLE,,,,,,,,,,,,,,,,,,,
3113,SDRR,Stress & HRV,Epoch,"Standard deviation in time between heartbeats, also known as ""RR interval"", measured in ms",milliseconds,DOUBLE,,checked,,,,,,,,,,,,,,,,,
3113,SDRR,Stress & HRV,Daily,"Standard deviation in time between heartbeats, also known as ""RR interval"", measured in ms",milliseconds,DOUBLE,,,,,,,,,,,,,,,,,,,
3114,HRVHighFrequencyPower,Stress & HRV,Epoch,Power in interbeat interval fluctuations within the high frequency band (0.15 Hz - 0.4 Hz) in miliseconds squared,,DOUBLE,checked,,,,,,,,,,,,,,,,,,
3115,HRVLowFrequencyPower,Stress & HRV,Epoch,Power in interbeat interval fluctuations within the low frequency band (0.04 Hz - 0.15 Hz) in miliseconds squared,,DOUBLE,checked,,,,,,,,,,,,,,,,,,
3120,AtrialFibrillationDetection,Advanced Cardiac Analysis,Daily,atrial fibrillation detected on this day,,BOOLEAN,,,,,,,,,,,,,,,,,,,
3120,AtrialFibrillationDetection,Advanced Cardiac Analysis,Epoch,atrial fibrillation detected in this timeframe,,BOOLEAN,,,,checked,,checked,,,,,,,checked,,,,,,
3121,ArrhythmiaDetection,Advanced Cardiac Analysis,Epoch,irregular heartbeat detected in this timeframe,,BOOLEAN,,,,checked,,,,,,,,checked,,,,,,,
3121,ArrhythmiaDetection,Advanced Cardiac Analysis,Daily,irregular heartbeat detected on this day,,BOOLEAN,,,,,,,,,,,,,,,,,,,
3300,BloodPressureDiastolic,Cardiovascular Health,Epoch,diastolic blood pressure in mmHg,mmHg,LONG,,,,checked,checked,checked,,,checked,,,checked,checked,checked,,,,,checked
3300,BloodPressureDiastolic,Cardiovascular Health,Daily,diastolic blood pressure in mmHg,mmHg,LONG,,,,,,checked,,,checked,,,,,checked,,,,,
3301,BloodPressureSystolic,Cardiovascular Health,Epoch,systolic blood pressure in mmHg,mmHg,LONG,,,,checked,checked,checked,,,checked,,,checked,checked,checked,,,,,checked
3301,BloodPressureSystolic,Cardiovascular Health,Daily,systolic blood pressure in mmHg,mmHg,LONG,,,,,,checked,,,checked,,,,,checked,,,,,
3302,BloodGlucose,Blood Glucose,Daily,blood glucose content in mmol/L,mmol/L,DOUBLE,,,,,,,,,,,,,,checked,,,,,
3302,BloodGlucose,Blood Glucose,Epoch,blood glucose content in mmol/L,mmol/L,DOUBLE,,,,checked,checked,,,,,,,checked,checked,,,checked,,,checked
3303,HbA1c,Blood Glucose,Epoch,glycated hemoglobin HbA1c in percent,,DOUBLE,,,,,checked,,,,,,,,checked,,,,,,
3303,HbA1c,Blood Glucose,Daily,average glycated hemoglobin HbA1c in percent,,DOUBLE,,,,,,,,,,,,,,,,,,,
3304,MeanArterialPressure,Cardiovascular Health,Epoch,average blood pressure in an individual during a single cardiac cycle in mmHg,mmHg,LONG,,,,,,,,,,,,,checked,,,,,,
3305,EstimatedBloodGlucose,Blood Glucose,Epoch,Estimated blood glucose content in mmol/L,mmol/L,DOUBLE,,,,,,,,,,,,,,,,checked,,,
4000,RespirationRate,Respiratory & Breathing,Epoch,respiration rate (in this timeframe),count,LONG,,checked,,checked,,,,,,,,,,,,,,,checked
4000,RespirationRate,Respiratory & Breathing,Daily,average respiration rate,count,LONG,,,,checked,,,,,,,,,,,,,,,
4001,RespirationRateResting,Respiratory & Breathing,Daily,average resting respiration rate,count,LONG,,,,,,,,,,,,,,,,,,,
4002,RespirationRateSleep,"Respiratory & Breathing, Sleep",Daily,average nightly respiration rate,count,LONG,,,checked,,,checked,,,,,checked,,,,,,checked,,
4100,Breathing,Respiratory & Breathing,Daily,"Breathing Disturbances Intensity (range of 0-30 indicates low disturbances intensity, range of 30-60 indicates mid disturbances intensity, while range of 60+ indicates mid disturbances intensity)",,LONG,,,,,,,,,,,,,,,,,,,
4101,SnoringBinary,"Respiratory & Breathing, Sleep",Daily,sleep interruptions detected during the night,,Binary,,,,,,checked,,,,,,,,,,,,,
5010,AlcoholConsumption,Self-Reported Wellness,Daily,Metabolic stress during sleep detected,,LONG,checked,checked,,,,checked,,,,,,,,,,,,,
5020,Weight,Body Composition & Measurements,Epoch,weight in kilogram,kilogram,DOUBLE,checked,checked,,checked,,checked,,checked,checked,,,checked,checked,checked,checked,,,,checked
5020,Weight,Body Composition & Measurements,Daily,weight in kilogram,kilogram,DOUBLE,checked,checked,checked,checked,,checked,,checked,,,,checked,,,checked,,checked,,checked
5021,MuscleMass,Body Composition & Measurements,Epoch,muscle mass in kilograms,kilograms,DOUBLE,,checked,,,,checked,,,,,,checked,checked,,,,,,
5022,BoneMass,Body Composition & Measurements,Epoch,bone mass in kilograms,kilograms,DOUBLE,,checked,,,,checked,,,,,,checked,checked,,,,,,checked
5023,FatFreeMass,Body Composition & Measurements,Epoch,fat free body mass in kilograms,kilograms,LONG,,,,checked,,checked,,,,,,,checked,,,,,,checked
5024,FatMass,Body Composition & Measurements,Epoch,mass of body fat in kilograms,kilograms,DOUBLE,,,,,checked,checked,,,,,,checked,checked,,,,,,
5025,FatRatio,Body Composition & Measurements,Daily,fat ratio to total body mass in percent,percent,LONG,checked,,,,,,,,,,,,,,checked,,,,
5025,FatRatio,Body Composition & Measurements,Epoch,fat ratio to total body mass in percent,percent,LONG,,checked,,checked,,checked,,,checked,,,,,,,,,,checked
5026,BMI,Body Composition & Measurements,Epoch,body mass index,,DOUBLE,,checked,,checked,,,,,checked,,,checked,checked,,,,,,
5026,BMI,Body Composition & Measurements,Daily,body mass index,,DOUBLE,checked,,,,,,,,,,,,,,,,,,
5027,WaistCircumference,Body Composition & Measurements,Daily,waist circumference in centimeters,centimeters,LONG,,,,,,,,,,,,,,,,,,,
5029,WaterMass,Body Composition & Measurements,Epoch,mass of body water in kilograms,kilograms,DOUBLE,,,,,,,,,,,,,checked,,,,,,checked
5030,Height,Body Composition & Measurements,Daily,height in centimeters,centimeters,LONG,,,checked,,,checked,,checked,checked,,,,,,checked,,checked,,checked
5030,Height,Body Composition & Measurements,Epoch,height in centimeters,centimeters,LONG,,,checked,checked,,checked,,checked,,,,,checked,checked,checked,,,,checked
5040,BodyTemperature,Body Composition & Measurements,Epoch,body temperature in degree celsius,degree celsius,DOUBLE,,,,checked,,checked,,,checked,,,,checked,checked,,,,,checked
5040,BodyTemperature,Body Composition & Measurements,Daily,body temperature in degree celsius,degree celsius,DOUBLE,,,,,,,,,,,,,,,,,,,
5041,SkinTemperature,Body Composition & Measurements,Daily,skin temperature in degree celsius,degree celsius,DOUBLE,,,,,,,,,,,,,,,,,,,
5041,SkinTemperature,Body Composition & Measurements,Epoch,skin temperature in degree celsius,degree celsius,DOUBLE,,,,checked,,checked,,,,,,,,checked,,,checked,,
5042,UndefinedTemperature,Body Composition & Measurements,Epoch,temperature at undefined location in degree celsius,degree celsius,DOUBLE,,,,,,checked,,,,,,,,,,,,,
5043,Hydration,Detailed Nutrition,Daily,hydration consumption level in mL,milliliter,DOUBLE,checked,,,,,,,,,,,,checked,,checked,,,,checked
5043,Hydration,Detailed Nutrition,Epoch,hydration consumption level in mL,milliliter,DOUBLE,,,,checked,checked,checked,,,,,,,,,,,,,checked
5044,FeverDetection,Self-Reported Wellness,Epoch,state of having fever in this minute,,BOOLEAN,,,,,,,,,,,,,,,,,,,
5050,EDA,Stress & HRV,Epoch,Electrodermal activity measures the conductance of the user’s skin,,DOUBLE,,,,checked,,,,,,,,,,,,,,,
5050,EDA,Stress & HRV,Daily,Electrodermal activity measures the conductance of the user’s skin,,DOUBLE,,,,,,,,,,,,,,,,,,,
5110,CycleLength,Women's Health,Daily,self-reported menstrual cycle length in days,days,LONG,,checked,,,,,,,,,,,,,,,,,
5110,CycleLength,Women's Health,Epoch,self-reported menstrual cycle length in days,days,LONG,,,,checked,,,,,,,,,,,,,,,
5111,MenstrualBleeding,Women's Health,Daily,self-reported menstrual bleeding intensity,,STRING,,,,,,,,,,,,,,,,,,,
5111,MenstrualBleeding,Women's Health,Epoch,self-reported menstrual bleeding intensity,,STRING,,,,checked,,,,,,,,,,,,,,,
5112,VaginalDischarge,Women's Health,Epoch,self-reported vaginal discharge consistency,,STRING,,,,checked,,,,,,,,,,,,,,,
5112,VaginalDischarge,Women's Health,Daily,self-reported vaginal discharge consistency,,STRING,,,,,,,,,,,,,,,,,,,
5115,Mood,Self-Reported Wellness,Daily,self-reported mood for this day,,STRING,,,,,,,,,,,,,,,,,,,
5115,Mood,Self-Reported Wellness,Epoch,self-reported mood,,STRING,,,,,,,,,,,checked,,,,,,,,
5116,SexualEvent,Self-Reported Wellness,Epoch,self-reported sexual event,,STRING,,,,checked,,,,,,,,,,,,,,,
5116,SexualEvent,Self-Reported Wellness,Daily,self-reported sexual event,,STRING,,,,,,,,,,,,,,,,,,,
5117,EnergyLevel,Self-Reported Wellness,Daily,self-reported energy level,,STRING,,,,,,,,,,,,,,,,,,,
5118,DrugEvent,Self-Reported Wellness,Daily,self-reported party event,,STRING,,,,,,,,,,,,,,,,,,,
5119,SocialEvent,Self-Reported Wellness,Daily,self-reported social event,,STRING,,,,,,,,,,,,,,,,,,,
5120,SicknessReport,Self-Reported Wellness,Daily,self-reported sickness,,STRING,,,,,,,,,,,,,,,,,,,
5120,SicknessReport,Self-Reported Wellness,Epoch,self-reported sickness,,STRING,,,,,,,,,,,,,,,,,,,
5121,MedicationReport,Self-Reported Wellness,Daily,self-reported medication intake,,STRING,,,,,,,,,,,,,,,,,,,
5122,ContraceptionEvent,Women's Health,Daily,self-reported contraception event,,STRING,,,,,,,,,,,,,,,,,,,
5123,PregnancyTest,Women's Health,Daily,self-reported pregnancy test result,,STRING,,,,,,,,,,,,,,,,,,,
5123,PregnancyTest,Women's Health,Epoch,self-reported pregnancy test result,,STRING,,,,checked,,,,,,,,,,,,,,,
5124,MotivationReport,Self-Reported Wellness,Daily,self-reported Motivation,,STRING,,,,,,,,,,,,,,,,,,,
5125,MentalStateReport,Self-Reported Wellness,Daily,self-reported mental state,,STRING,,,,,,,,,,,,,,,,,,,
5126,HotHunger,Self-Reported Wellness,Daily,self-reported hot hunger for a specific food,,STRING,,,,,,,,,,,,,,,,,,,
5127,SkinReport,Self-Reported Wellness,Daily,self-reported skin constitution,,STRING,,,,,,,,,,,,,,,,,,,
5128,HairReport,Self-Reported Wellness,Daily,self-reported hair,,STRING,,,,,,,,,,,,,,,,,,,
5129,DigestionReport,Self-Reported Wellness,Daily,self-reported digestion information,,STRING,,,,,,,,,,,,,,,,,,,
5130,CycleStartDate,Women's Health,Daily,self-reported menstrual cycle start date,,DATE,,checked,,,,,,,,,,,,,,,,,
5131,CycleEndDate,Women's Health,Daily,self-reported menstrual cycle end date,,DATE,,checked,,,,,,,,,,,,,,,,,
5132,CyclePhase,Women's Health,Daily,self-reported menstrual cycle phase,,STRING,,,,,,,,,,,,,,,,,,,
5133,PredictedFertility,Women's Health,Daily,predicted chance of fertility,,STRING,,,,,,,,,,,,,,,,,,,
6010,AverageStress,Stress & HRV,Daily,average stress during the day scaling from 0 to 100,,LONG,,checked,,,,,,,,,,,,,,,,,
6010,Stress,Stress & HRV,Epoch,stress measured during that period scaling from 0 to 100,,LONG,,checked,,,,,,,,,,,,,,,,,
6011,HighStressBinary,Stress & HRV,Epoch,high level of stress state detected (in this timeframe),,BOOLEAN,,checked,,,,,,,,,,,,,,,,,
6011,HighStressDuration,Stress & HRV,Daily,overall time spent in very stressed state in minutes,minutes,LONG,,checked,,,,,,,,,,,,,,,,,
6012,MediumStressBinary,Stress & HRV,Epoch,medium level of stress state detected (in this timeframe),,BOOLEAN,,checked,,,,,,,,,,,,,,,,,
6012,MediumStressDuration,Stress & HRV,Daily,overall time spent in medium stressed state in minutes,minutes,LONG,,checked,,,,,,,,,,,,,,,,,
6013,LowStressBinary,Stress & HRV,Epoch,low level of stress state detected (in this timeframe),,BOOLEAN,,checked,,,,,,,,,,,,,,,,,
6013,LowStressDuration,Stress & HRV,Daily,overall time spent in lowly stressed state in minutes,minutes,LONG,,checked,,,,,,,,,,,,,,,,,
7100,AudioExposureEvent,Audio & Hearing Health,Epoch,Events of audio exposure,,STRING,,,,checked,,,,,,,,,,,,,,,
7101,AmbientAudioExposure,Audio & Hearing Health,Epoch,Audio exposure to sounds in decibels from ambient environment,decibels,DOUBLE,,,,checked,,,,,,,,,,,,,,,
7102,HeadphoneAudioExposure,Audio & Hearing Health,Epoch,Audio exposure to sounds in decibels from headphones,grams,DOUBLE,,,,checked,,,,,,,,,,,,,,,
8000,ConsumedCalories,Detailed Nutrition,Epoch,Consumed calories in kcal,kcal,LONG,,,,checked,,,,,,,,,,,,,,,
8000,ConsumedCalories,Detailed Nutrition,Daily,Consumed calories in kcal,kcal,LONG,checked,,,,checked,,,,,,,,,,checked,,,,
8001,ConsumedFat,Detailed Nutrition,Daily,nutritional intake of fat in g,grams,DOUBLE,checked,,,,checked,,,,,,,,,,checked,,,,
8001,ConsumedFat,Detailed Nutrition,Epoch,nutritional intake of fat in g,grams,DOUBLE,,,,checked,,,,,,,,,,,,,,,
8002,ConsumedSaturatedFat,Detailed Nutrition,Daily,nutritional intake of saturated fat in g,grams,DOUBLE,,,,,checked,,,,,,,,,,checked,,,,
8002,ConsumedSaturatedFat,Detailed Nutrition,Epoch,nutritional intake of saturated fat in g,grams,DOUBLE,,,,checked,,,,,,,,,,,,,,,
8003,ConsumedCarboHydrates,Detailed Nutrition,Epoch,nutritional intake of carbohydrates in g,grams,DOUBLE,,,,,,,,,,,,,,,,,,,
8003,ConsumedCarboHydrates,Detailed Nutrition,Daily,nutritional intake of carbohydrates in g,grams,DOUBLE,checked,,,,checked,,,,,,,,,,checked,,,,
8004,ConsumedSugar,Detailed Nutrition,Daily,nutritional intake of sugar in g,grams,DOUBLE,,,,,checked,,,,,,,,,,checked,,,,
8004,ConsumedSugar,Detailed Nutrition,Epoch,nutritional intake of sugar in g,grams,DOUBLE,,,,checked,,,,,,,,,,,,,,,
8005,ConsumedProtein,Detailed Nutrition,Daily,nutritional intake of protein in g,grams,DOUBLE,checked,,,,,,,,,,,,,,checked,,,,
8005,ConsumedProtein,Detailed Nutrition,Epoch,nutritional intake of protein in g,grams,DOUBLE,,,,checked,,,,,,,,,,,,,,,
8006,ConsumedSalt,Detailed Nutrition,Epoch,nutritional intake of salt in g,grams,DOUBLE,,,,,,,,,,,,,,,,,,,
8006,ConsumedSalt,Detailed Nutrition,Daily,nutritional intake of salt in g,grams,DOUBLE,,,,,,,,,,,,,,,,,,,
8007,ConsumedSugarAlcohols,Detailed Nutrition,Daily,nutritional intake of sugar alcohols in g,grams,DOUBLE,,,,,,,,,,,,,,,,,,,
8007,ConsumedSugarAlcohols,Detailed Nutrition,Epoch,nutritional intake of sugar alcohols in g,grams,DOUBLE,,,,,,,,,,,,,,,,,,,
8008,ConsumedStarch,Detailed Nutrition,Epoch,nutritional intake of starch in g,grams,DOUBLE,,,,,,,,,,,,,,,,,,,
8008,ConsumedStarch,Detailed Nutrition,Daily,nutritional intake of starch in g,grams,DOUBLE,,,,,,,,,,,,,,,,,,,
8009,ConsumedFiber,Detailed Nutrition,Daily,nutritional intake of fiber in g,grams,DOUBLE,checked,,,,checked,,,,,,,,,,checked,,,,
8009,ConsumedFiber,Detailed Nutrition,Epoch,nutritional intake of fiber in g,grams,DOUBLE,,,,checked,,,,,,,,,,,,,,,
8010,ConsumedCalcium,Detailed Nutrition,Epoch,nutritional intake of calcium in mg,mg,DOUBLE,,,,checked,,,,,,,,,,,,,,,
8010,ConsumedCalcium,Detailed Nutrition,Daily,nutritional intake of calcium in mg,mg,DOUBLE,,,,,checked,,,,,,,,,,checked,,,,
8011,ConsumedIron,Detailed Nutrition,Epoch,nutritional intake of iron in mg,mg,DOUBLE,,,,checked,,,,,,,,,,,,,,,
8011,ConsumedIron,Detailed Nutrition,Daily,nutritional intake of iron in mg,mg,DOUBLE,,,,,checked,,,,,,,,,,checked,,,,
8012,ConsumedPotassium,Detailed Nutrition,Epoch,nutritional intake of potassium in mg,mg,DOUBLE,,,,checked,,,,,,,,,,,,,,,
8012,ConsumedPotassium,Detailed Nutrition,Daily,nutritional intake of potassium in mg,mg,DOUBLE,,,,,checked,,,,,,,,,,checked,,,,
8013,ConsumedSodium,Detailed Nutrition,Epoch,nutritional intake of sodium in mg,mg,DOUBLE,,,,checked,,,,,,,,,,,,,,,
8013,ConsumedSodium,Detailed Nutrition,Daily,nutritional intake of sodium in mg,mg,DOUBLE,checked,,,,checked,,,,,,,,,,checked,,,,
8014,ConsumedPhosphorus,Detailed Nutrition,Daily,nutritional intake of phosphorus in mg,mg,DOUBLE,,,,,,,,,,,,,,,,,,,
8014,ConsumedPhosphorus,Detailed Nutrition,Epoch,nutritional intake of phosphorus in mg,mg,DOUBLE,,,,checked,,,,,,,,,,,,,,,
8016,ConsumedCholesterol,Detailed Nutrition,Epoch,nutritional intake of cholesterol in mg,mg,DOUBLE,,,,,,,,,,,,,,,,,,,
8016,ConsumedCholesterol,Detailed Nutrition,Daily,nutritional intake of cholesterol in mg,mg,DOUBLE,,,,,,,,,,,,,,,checked,,,,
8019,ConsumedIodine,Detailed Nutrition,Daily,nutritional intake of iodine in mg,mg,DOUBLE,,,,,,,,,,,,,,,,,,,
8019,ConsumedIodine,Detailed Nutrition,Epoch,nutritional intake of iodine in mg,mg,DOUBLE,,,,checked,,,,,,,,,,,,,,,
8021,ConsumedMagnesium,Detailed Nutrition,Daily,nutritional intake of magnesium in mg,mg,DOUBLE,,,,,,,,,,,,,,,,,,,
8021,ConsumedMagnesium,Detailed Nutrition,Epoch,nutritional intake of magnesium in mg,mg,DOUBLE,,,,checked,,,,,,,,,,,,,,,
8022,ConsumedZinc,Detailed Nutrition,Daily,nutritional intake of zinc in mg,mg,DOUBLE,,,,,,,,,,,,,,,,,,,
8022,ConsumedZinc,Detailed Nutrition,Epoch,nutritional intake of zinc in mg,mg,DOUBLE,,,,checked,,,,,,,,,,,,,,,
8023,ConsumedVitaminA,Detailed Nutrition,Epoch,nutritional intake of vitamin A in mg,mg,DOUBLE,,,,checked,,,,,,,,,,,,,,,
8023,ConsumedVitaminA,Detailed Nutrition,Daily,nutritional intake of vitamin A in mg,mg,DOUBLE,,,,,checked,,,,,,,,,,checked,,,,
8024,ConsumedVitaminB1,Detailed Nutrition,Daily,nutritional intake of vitamin B1 in mg,mg,DOUBLE,,,,,,,,,,,,,,,,,,,
8024,ConsumedVitaminB1,Detailed Nutrition,Epoch,nutritional intake of vitamin B1 in mg,mg,DOUBLE,,,,checked,,,,,,,,,,,,,,,
8025,ConsumedVitaminB2,Detailed Nutrition,Epoch,nutritional intake of vitamin B2 in mg,mg,DOUBLE,,,,checked,,,,,,,,,,,,,,,
8025,ConsumedVitaminB2,Detailed Nutrition,Daily,nutritional intake of vitamin B2 in mg,mg,DOUBLE,,,,,,,,,,,,,,,,,,,
8026,ConsumedVitaminB3,Detailed Nutrition,Epoch,nutritional intake of vitamin B3 in mg,mg,DOUBLE,,,,checked,,,,,,,,,,,,,,,
8026,ConsumedVitaminB3,Detailed Nutrition,Daily,nutritional intake of vitamin B3 in mg,mg,DOUBLE,,,,,,,,,,,,,,,,,,,
8028,ConsumedVitaminB5,Detailed Nutrition,Epoch,nutritional intake of vitamin B5 in mg,mg,DOUBLE,,,,checked,,,,,,,,,,,,,,,
8028,ConsumedVitaminB5,Detailed Nutrition,Daily,nutritional intake of vitamin B5 in mg,mg,DOUBLE,,,,,,,,,,,,,,,,,,,
8029,ConsumedVitaminB6,Detailed Nutrition,Daily,nutritional intake of vitamin B6 in mg,mg,DOUBLE,,,,,,,,,,,,,,,,,,,
8029,ConsumedVitaminB6,Detailed Nutrition,Epoch,nutritional intake of vitamin B6 in mg,mg,DOUBLE,,,,checked,,,,,,,,,,,,,,,
8031,ConsumedVitaminB12,Detailed Nutrition,Daily,nutritional intake of vitamin B12 in mg,mg,DOUBLE,,,,,,,,,,,,,,,,,,,
8031,ConsumedVitaminB12,Detailed Nutrition,Epoch,nutritional intake of vitamin B12 in mg,mg,DOUBLE,,,,checked,,,,,,,,,,,,,,,
8032,ConsumedVitaminC,Detailed Nutrition,Epoch,nutritional intake of vitamin C in mg,mg,DOUBLE,,,,checked,,,,,,,,,,,,,,,
8032,ConsumedVitaminC,Detailed Nutrition,Daily,nutritional intake of vitamin C in mg,mg,DOUBLE,,,,,checked,,,,,,,,,,checked,,,,
8033,ConsumedVitaminD,Detailed Nutrition,Daily,nutritional intake of vitamin D in mg,mg,DOUBLE,,,,,,,,,,,,,,,,,,,
8033,ConsumedVitaminD,Detailed Nutrition,Epoch,nutritional intake of vitamin D in mg,mg,DOUBLE,,,,checked,,,,,,,,,,,,,,,
8034,ConsumedVitaminE,Detailed Nutrition,Epoch,nutritional intake of vitamin E in mg,mg,DOUBLE,,,,checked,,,,,,,,,,,,,,,
8034,ConsumedVitaminE,Detailed Nutrition,Daily,nutritional intake of vitamin E in mg,mg,DOUBLE,,,,,,,,,,,,,,,,,,,
8035,ConsumedVitaminK,Detailed Nutrition,Daily,nutritional intake of vitamin K in mg,mg,DOUBLE,,,,,,,,,,,,,,,,,,,
8035,ConsumedVitaminK,Detailed Nutrition,Epoch,nutritional intake of vitamin K in mg,mg,DOUBLE,,,,checked,,,,,,,,,,,,,,,
8045,ConsumedUnsaturatedFat,Detailed Nutrition,Daily,nutritional intake of unsaturated fat in g,grams,DOUBLE,,,,,,,,,,,,,,,checked,,,,
8500,Acinetobacter,Microbiome & Gut Health,Daily,Acinetobacter information,,DOUBLE,,,,,,,,,,,,,,,,,,,
8501,Akkermansia,Microbiome & Gut Health,Daily,Akkermansia information,,DOUBLE,,,,,,,,,,,,,,,,,,,
8502,Akkermansia,Microbiome & Gut Health,Daily,Akkermansia information,,DOUBLE,,,,,,,,,,,,,,,,,,,
8503,Alistipes,Microbiome & Gut Health,Daily,Alistipes information,,DOUBLE,,,,,,,,,,,,,,,,,,,
8504,Anaerococcus,Microbiome & Gut Health,Daily,Anaerococcus information,,DOUBLE,,,,,,,,,,,,,,,,,,,
8505,Anaerostipes,Microbiome & Gut Health,Daily,Anaerostipes information,,DOUBLE,,,,,,,,,,,,,,,,,,,
8506,Bacillus,Microbiome & Gut Health,Daily,Bacillus information,,DOUBLE,,,,,,,,,,,,,,,,,,,
8507,Bacteroides,Microbiome & Gut Health,Daily,Bacteroides information,,DOUBLE,,,,,,,,,,,,,,,,,,,
8508,Bifidobacterium,Microbiome & Gut Health,Daily,Bifidobacterium information,,DOUBLE,,,,,,,,,,,,,,,,,,,
8509,Bilophila,Microbiome & Gut Health,Daily,Bilophila information,,DOUBLE,,,,,,,,,,,,,,,,,,,
8510,Blautia,Microbiome & Gut Health,Daily,Blautia information,,DOUBLE,,,,,,,,,,,,,,,,,,,
8511,Butyricicoccus,Microbiome & Gut Health,Daily,Butyricicoccus information,,DOUBLE,,,,,,,,,,,,,,,,,,,
8512,Butyrivibrio,Microbiome & Gut Health,Daily,Butyrivibrio information,,DOUBLE,,,,,,,,,,,,,,,,,,,
8513,Christensenella,Microbiome & Gut Health,Daily,Christensenella information,,DOUBLE,,,,,,,,,,,,,,,,,,,
8514,Citrobacter,Microbiome & Gut Health,Daily,Citrobacter information,,DOUBLE,,,,,,,,,,,,,,,,,,,
8515,Clostridium,Microbiome & Gut Health,Daily,Clostridium information,,DOUBLE,,,,,,,,,,,,,,,,,,,
8516,Coprococcus,Microbiome & Gut Health,Daily,Coprococcus information,,DOUBLE,,,,,,,,,,,,,,,,,,,
8517,Desulfobacter,Microbiome & Gut Health,Daily,Desulfobacter information,,DOUBLE,,,,,,,,,,,,,,,,,,,
8518,Desulfosarcina,Microbiome & Gut Health,Daily,Desulfosarcina information,,DOUBLE,,,,,,,,,,,,,,,,,,,
8519,Desulfovibrio,Microbiome & Gut Health,Daily,Desulfovibrio information,,DOUBLE,,,,,,,,,,,,,,,,,,,
8520,Desulfuromonas,Microbiome & Gut Health,Daily,Desulfuromonas information,,DOUBLE,,,,,,,,,,,,,,,,,,,
8521,Dorea,Microbiome & Gut Health,Daily,Dorea information,,DOUBLE,,,,,,,,,,,,,,,,,,,
8522,Emergencia,Microbiome & Gut Health,Daily,Emergencia information,,DOUBLE,,,,,,,,,,,,,,,,,,,
8523,Enterobacter,Microbiome & Gut Health,Daily,Enterobacter information,,DOUBLE,,,,,,,,,,,,,,,,,,,
8524,Enterococcus,Microbiome & Gut Health,Daily,Enterococcus information,,DOUBLE,,,,,,,,,,,,,,,,,,,
8525,Escherichia,Microbiome & Gut Health,Daily,Escherichia information,,DOUBLE,,,,,,,,,,,,,,,,,,,
8526,Eubacterium,Microbiome & Gut Health,Daily,Eubacterium information,,DOUBLE,,,,,,,,,,,,,,,,,,,
8527,Facecalibacterium,Microbiome & Gut Health,Daily,Facecalibacterium information,,DOUBLE,,,,,,,,,,,,,,,,,,,
8528,Faecalibacterium,Microbiome & Gut Health,Daily,Faecalibacterium information,,DOUBLE,,,,,,,,,,,,,,,,,,,
8529,Flavobacterium,Microbiome & Gut Health,Daily,Flavobacterium information,,DOUBLE,,,,,,,,,,,,,,,,,,,
8530,Klebsiella,Microbiome & Gut Health,Daily,Klebsiella information,,DOUBLE,,,,,,,,,,,,,,,,,,,
8531,Lactobacillus,Microbiome & Gut Health,Daily,Lactobacillus information,,DOUBLE,,,,,,,,,,,,,,,,,,,
8532,Lactococcus,Microbiome & Gut Health,Daily,Lactococcus information,,DOUBLE,,,,,,,,,,,,,,,,,,,
8533,Lactococus,Microbiome & Gut Health,Daily,Lactococus information,,DOUBLE,,,,,,,,,,,,,,,,,,,
8534,Megasphaera,Microbiome & Gut Health,Daily,Megasphaera information,,DOUBLE,,,,,,,,,,,,,,,,,,,
8535,Methanobacterium,Microbiome & Gut Health,Daily,Methanobacterium information,,DOUBLE,,,,,,,,,,,,,,,,,,,
8536,Methanobrevibacter,Microbiome & Gut Health,Daily,Methanobrevibacter information,,DOUBLE,,,,,,,,,,,,,,,,,,,
8537,Propionbacterium,Microbiome & Gut Health,Daily,Propionbacterium information,,DOUBLE,,,,,,,,,,,,,,,,,,,
8538,Proteus,Microbiome & Gut Health,Daily,Proteus information,,DOUBLE,,,,,,,,,,,,,,,,,,,
8539,Providencia,Microbiome & Gut Health,Daily,Providencia information,,DOUBLE,,,,,,,,,,,,,,,,,,,
8540,Pseudomonas,Microbiome & Gut Health,Daily,Pseudomonas information,,DOUBLE,,,,,,,,,,,,,,,,,,,
8541,Roseburia,Microbiome & Gut Health,Daily,Roseburia information,,DOUBLE,,,,,,,,,,,,,,,,,,,
8542,Ruminococcus,Microbiome & Gut Health,Daily,Ruminococcus information,,DOUBLE,,,,,,,,,,,,,,,,,,,
8543,Streptococcus,Microbiome & Gut Health,Daily,Streptococcus information,,DOUBLE,,,,,,,,,,,,,,,,,,,
8544,Sutterella,Microbiome & Gut Health,Daily,Sutterella information,,DOUBLE,,,,,,,,,,,,,,,,,,,
8545,Veillonella,Microbiome & Gut Health,Daily,Veillonella information,,DOUBLE,,,,,,,,,,,,,,,,,,,
9001,MedicineConsumptionStatus,Self-Reported Wellness,Epoch,medicine consumption status,,STRING,,,,,,,,,,,,checked,,,,,,,
9002,MealConsumptionStatus,Detailed Nutrition,Epoch,meal consumption status,,STRING,,,,,,,,,,,,checked,,,,,,,
31200,RawECGVoltage,Advanced Cardiac Analysis,Epoch,Raw ECG voltages detected within 1 measurement,mV,JSON,,,,,,,,,,,,,,,,,,,
300100,FitbitActiveZoneDuration,Heart Rate,Epoch,Duration in minutes in any Fitbit HeartRateZone,minutes,LONG,checked,,,,,,,,,,,,,,,,,,
300101,FitbitHeartRateZoneOutOfRangeDuration,Heart Rate,Epoch,"Duration in minutes in ""Out of range"" Fitbit HeartRateZone",minutes,LONG,checked,,,,,,,,,,,,,,,,,,
300102,FitbitHeartRateZoneOutOfRangeCalories,Heart Rate,Epoch,"Calories burned in ""Out of range"" Fitbit HeartRateZone",minutes,DOUBLE,checked,,,,,,,,,,,,,,,,,,
300103,FitbitHeartRateZoneOutOfRangeMaxHeartRate,Heart Rate,Epoch,"Highest heart rate in ""Out of range"" Fitbit HeartRateZone",minutes,LONG,checked,,,,,,,,,,,,,,,,,,
300104,FitbitHeartRateZoneOutOfRangeMinHeartRate,Heart Rate,Epoch,"Highest heart rate in ""Out of range"" Fitbit HeartRateZone",minutes,LONG,checked,,,,,,,,,,,,,,,,,,
300105,FitbitHeartRateZoneFatBurnDuration,Heart Rate,Epoch,"Duration in minutes in ""FatBurn"" Fitbit HeartRateZone",minutes,LONG,checked,,,,,,,,,,,,,,,,,,
300106,FitbitHeartRateZoneFatBurnCalories,Heart Rate,Epoch,"Calories burned in ""FatBurn"" Fitbit HeartRateZone",minutes,DOUBLE,checked,,,,,,,,,,,,,,,,,,
300107,FitbitHeartRateZoneFatBurnMaxHeartRate,Heart Rate,Epoch,"Max heart rate in ""FatBurn"" Fitbit HeartRateZone",minutes,LONG,checked,,,,,,,,,,,,,,,,,,
300108,FitbitHeartRateZoneFatBurnMinHeartRate,Heart Rate,Epoch,"Min heart rate in ""FatBurn"" Fitbit HeartRateZone",minutes,LONG,checked,,,,,,,,,,,,,,,,,,
300109,FitbitHeartRateZoneCardioDuration,Heart Rate,Epoch,"Duration in minutes in ""Cardio"" Fitbit HeartRateZone",minutes,LONG,checked,,,,,,,,,,,,,,,,,,
300110,FitbitHeartRateZoneCardioCalories,Heart Rate,Epoch,"Calories burned in ""Cardio"" Fitbit HeartRateZone",minutes,DOUBLE,checked,,,,,,,,,,,,,,,,,,
300111,FitbitHeartRateZoneCardioMaxHeartRate,Heart Rate,Epoch,"Highest heart rate in ""Cardio"" Fitbit HeartRateZone",minutes,LONG,checked,,,,,,,,,,,,,,,,,,
300112,FitbitHeartRateZoneCardioMinHeartRate,Heart Rate,Epoch,"Lowest heart rate in ""Cardio"" Fitbit HeartRateZone",minutes,LONG,checked,,,,,,,,,,,,,,,,,,
300113,FitbitHeartRateZonePeakDuration,Heart Rate,Epoch,"Duration in minutes in ""Peak"" Fitbit HeartRateZone",minutes,LONG,checked,,,,,,,,,,,,,,,,,,
300114,FitbitHeartRateZonePeakCalories,Heart Rate,Epoch,"Calories burned in ""Peak"" Fitbit HeartRateZone",minutes,DOUBLE,checked,,,,,,,,,,,,,,,,,,
300115,FitbitHeartRateZonePeakMaxHeartRate,Heart Rate,Epoch,"Highest heart rate in ""Peak"" Fitbit HeartRateZone",minutes,LONG,checked,,,,,,,,,,,,,,,,,,
300116,FitbitHeartRateZonePeakMinHeartRate,Heart Rate,Epoch,"Lowest heart rate in ""Peak"" Fitbit HeartRateZone",minutes,LONG,checked,,,,,,,,,,,,,,,,,,